--------------------------------------------------------
--  File created - Tuesday-July-25-2017   
--------------------------------------------------------
--------------------------------------------------------
--  DDL for Table ACCOUNTS
--------------------------------------------------------

  CREATE TABLE "BANKINGAPP"."ACCOUNTS" 
   (	"ACCOUNT_ID" NUMBER(*,0), 
	"BALANCE" NUMBER(14,2), 
	"CUSTOMER_ID" NUMBER(*,0), 
	"ACCOUNT_TYPE" VARCHAR2(35 BYTE), 
	"ACCOUNT_STATUS" VARCHAR2(14 BYTE)
   ) SEGMENT CREATION IMMEDIATE 
  PCTFREE 10 PCTUSED 40 INITRANS 1 MAXTRANS 255 NOCOMPRESS LOGGING
  STORAGE(INITIAL 65536 NEXT 1048576 MINEXTENTS 1 MAXEXTENTS 2147483645
  PCTINCREASE 0 FREELISTS 1 FREELIST GROUPS 1 BUFFER_POOL DEFAULT FLASH_CACHE DEFAULT CELL_FLASH_CACHE DEFAULT)
  TABLESPACE "USERS" ;
--------------------------------------------------------
--  DDL for Table ALLUSERS
--------------------------------------------------------

  CREATE TABLE "BANKINGAPP"."ALLUSERS" 
   (	"USER_ID" NUMBER(*,0), 
	"PASS_WORD" VARCHAR2(26 BYTE), 
	"FIRSTNAME" VARCHAR2(26 BYTE), 
	"LASTNAME" VARCHAR2(26 BYTE), 
	"AGE" NUMBER(*,0), 
	"USER_TYPE_ID" NUMBER(*,0), 
	"USERNAME" VARCHAR2(24 BYTE)
   ) SEGMENT CREATION IMMEDIATE 
  PCTFREE 10 PCTUSED 40 INITRANS 1 MAXTRANS 255 NOCOMPRESS LOGGING
  STORAGE(INITIAL 65536 NEXT 1048576 MINEXTENTS 1 MAXEXTENTS 2147483645
  PCTINCREASE 0 FREELISTS 1 FREELIST GROUPS 1 BUFFER_POOL DEFAULT FLASH_CACHE DEFAULT CELL_FLASH_CACHE DEFAULT)
  TABLESPACE "USERS" ;
--------------------------------------------------------
--  DDL for Table CUSTOMER
--------------------------------------------------------

  CREATE TABLE "BANKINGAPP"."CUSTOMER" 
   (	"CUSTOMER_ID" NUMBER(*,0), 
	"BANKER_ID" NUMBER(*,0)
   ) SEGMENT CREATION IMMEDIATE 
  PCTFREE 10 PCTUSED 40 INITRANS 1 MAXTRANS 255 NOCOMPRESS LOGGING
  STORAGE(INITIAL 65536 NEXT 1048576 MINEXTENTS 1 MAXEXTENTS 2147483645
  PCTINCREASE 0 FREELISTS 1 FREELIST GROUPS 1 BUFFER_POOL DEFAULT FLASH_CACHE DEFAULT CELL_FLASH_CACHE DEFAULT)
  TABLESPACE "USERS" ;
--------------------------------------------------------
--  DDL for Table TRANSACTION_LOG
--------------------------------------------------------

  CREATE TABLE "BANKINGAPP"."TRANSACTION_LOG" 
   (	"LOG_ID" NUMBER(*,0), 
	"TIMESTEP" DATE, 
	"ACTIVITY" VARCHAR2(140 BYTE), 
	"USR" NUMBER(*,0), 
	"ACCOUNT_ID" NUMBER(*,0), 
	"AMOUNT" NUMBER(14,2)
   ) SEGMENT CREATION IMMEDIATE 
  PCTFREE 10 PCTUSED 40 INITRANS 1 MAXTRANS 255 NOCOMPRESS LOGGING
  STORAGE(INITIAL 65536 NEXT 1048576 MINEXTENTS 1 MAXEXTENTS 2147483645
  PCTINCREASE 0 FREELISTS 1 FREELIST GROUPS 1 BUFFER_POOL DEFAULT FLASH_CACHE DEFAULT CELL_FLASH_CACHE DEFAULT)
  TABLESPACE "USERS" ;
--------------------------------------------------------
--  DDL for Table USER_TYPE
--------------------------------------------------------

  CREATE TABLE "BANKINGAPP"."USER_TYPE" 
   (	"USER_TYPE_ID" NUMBER(*,0), 
	"USER_ACCOUNT_TYPE" VARCHAR2(20 BYTE)
   ) SEGMENT CREATION IMMEDIATE 
  PCTFREE 10 PCTUSED 40 INITRANS 1 MAXTRANS 255 NOCOMPRESS LOGGING
  STORAGE(INITIAL 65536 NEXT 1048576 MINEXTENTS 1 MAXEXTENTS 2147483645
  PCTINCREASE 0 FREELISTS 1 FREELIST GROUPS 1 BUFFER_POOL DEFAULT FLASH_CACHE DEFAULT CELL_FLASH_CACHE DEFAULT)
  TABLESPACE "USERS" ;
REM INSERTING into BANKINGAPP.ACCOUNTS
SET DEFINE OFF;
Insert into BANKINGAPP.ACCOUNTS (ACCOUNT_ID,BALANCE,CUSTOMER_ID,ACCOUNT_TYPE,ACCOUNT_STATUS) values (8,0,1,'Investment','ACTIVE');
Insert into BANKINGAPP.ACCOUNTS (ACCOUNT_ID,BALANCE,CUSTOMER_ID,ACCOUNT_TYPE,ACCOUNT_STATUS) values (1,67,1,'CHECKING','ACTIVE');
Insert into BANKINGAPP.ACCOUNTS (ACCOUNT_ID,BALANCE,CUSTOMER_ID,ACCOUNT_TYPE,ACCOUNT_STATUS) values (2,51,1,'SAVING','ACTIVE');
Insert into BANKINGAPP.ACCOUNTS (ACCOUNT_ID,BALANCE,CUSTOMER_ID,ACCOUNT_TYPE,ACCOUNT_STATUS) values (3,25,4,'SAVING','INACTIVE');
Insert into BANKINGAPP.ACCOUNTS (ACCOUNT_ID,BALANCE,CUSTOMER_ID,ACCOUNT_TYPE,ACCOUNT_STATUS) values (4,25,3,'SAVING','INACTIVE');
Insert into BANKINGAPP.ACCOUNTS (ACCOUNT_ID,BALANCE,CUSTOMER_ID,ACCOUNT_TYPE,ACCOUNT_STATUS) values (5,25,6,'SAVING','INACTIVE');
Insert into BANKINGAPP.ACCOUNTS (ACCOUNT_ID,BALANCE,CUSTOMER_ID,ACCOUNT_TYPE,ACCOUNT_STATUS) values (6,25,7,'SAVING','INACTIVE');
Insert into BANKINGAPP.ACCOUNTS (ACCOUNT_ID,BALANCE,CUSTOMER_ID,ACCOUNT_TYPE,ACCOUNT_STATUS) values (7,25,9,'SAVING','INACTIVE');
REM INSERTING into BANKINGAPP.ALLUSERS
SET DEFINE OFF;
Insert into BANKINGAPP.ALLUSERS (USER_ID,PASS_WORD,FIRSTNAME,LASTNAME,AGE,USER_TYPE_ID,USERNAME) values (12,'abc123','b','boy',15,0,'bboy');
Insert into BANKINGAPP.ALLUSERS (USER_ID,PASS_WORD,FIRSTNAME,LASTNAME,AGE,USER_TYPE_ID,USERNAME) values (1,'abc123','John','Smith',30,0,'jsmith');
Insert into BANKINGAPP.ALLUSERS (USER_ID,PASS_WORD,FIRSTNAME,LASTNAME,AGE,USER_TYPE_ID,USERNAME) values (2,'abc123','Nelly','Smith',30,1,'nsmith');
Insert into BANKINGAPP.ALLUSERS (USER_ID,PASS_WORD,FIRSTNAME,LASTNAME,AGE,USER_TYPE_ID,USERNAME) values (3,'abc123','Jessica','Nzher',30,0,'jnzher');
Insert into BANKINGAPP.ALLUSERS (USER_ID,PASS_WORD,FIRSTNAME,LASTNAME,AGE,USER_TYPE_ID,USERNAME) values (4,'abc123','Jason','Ballmer',30,0,'jballmer');
Insert into BANKINGAPP.ALLUSERS (USER_ID,PASS_WORD,FIRSTNAME,LASTNAME,AGE,USER_TYPE_ID,USERNAME) values (5,'abc213','Bryan','Chen',1000,2,'bchen');
Insert into BANKINGAPP.ALLUSERS (USER_ID,PASS_WORD,FIRSTNAME,LASTNAME,AGE,USER_TYPE_ID,USERNAME) values (6,'abc123','Moe','Barns',30,0,'mbarns');
Insert into BANKINGAPP.ALLUSERS (USER_ID,PASS_WORD,FIRSTNAME,LASTNAME,AGE,USER_TYPE_ID,USERNAME) values (7,'abc123','Tony','Montana',30,0,'tmontana');
Insert into BANKINGAPP.ALLUSERS (USER_ID,PASS_WORD,FIRSTNAME,LASTNAME,AGE,USER_TYPE_ID,USERNAME) values (8,'abc123','Billy','Kincaid',30,1,'bkincaid');
Insert into BANKINGAPP.ALLUSERS (USER_ID,PASS_WORD,FIRSTNAME,LASTNAME,AGE,USER_TYPE_ID,USERNAME) values (9,'abc123','Elizabeth','Horace',30,0,'ehorace');
REM INSERTING into BANKINGAPP.CUSTOMER
SET DEFINE OFF;
Insert into BANKINGAPP.CUSTOMER (CUSTOMER_ID,BANKER_ID) values (12,2);
Insert into BANKINGAPP.CUSTOMER (CUSTOMER_ID,BANKER_ID) values (1,2);
Insert into BANKINGAPP.CUSTOMER (CUSTOMER_ID,BANKER_ID) values (3,8);
Insert into BANKINGAPP.CUSTOMER (CUSTOMER_ID,BANKER_ID) values (4,8);
Insert into BANKINGAPP.CUSTOMER (CUSTOMER_ID,BANKER_ID) values (6,8);
Insert into BANKINGAPP.CUSTOMER (CUSTOMER_ID,BANKER_ID) values (7,8);
Insert into BANKINGAPP.CUSTOMER (CUSTOMER_ID,BANKER_ID) values (9,8);
REM INSERTING into BANKINGAPP.TRANSACTION_LOG
SET DEFINE OFF;
Insert into BANKINGAPP.TRANSACTION_LOG (LOG_ID,TIMESTEP,ACTIVITY,USR,ACCOUNT_ID,AMOUNT) values (1,to_date('25-JUL-17','DD-MON-RR'),'DEPOSIT',1,1,1);
Insert into BANKINGAPP.TRANSACTION_LOG (LOG_ID,TIMESTEP,ACTIVITY,USR,ACCOUNT_ID,AMOUNT) values (2,to_date('25-JUL-17','DD-MON-RR'),'DEPOSIT',1,2,1);
Insert into BANKINGAPP.TRANSACTION_LOG (LOG_ID,TIMESTEP,ACTIVITY,USR,ACCOUNT_ID,AMOUNT) values (3,to_date('25-JUL-17','DD-MON-RR'),'WITHDRAW',1,1,1);
Insert into BANKINGAPP.TRANSACTION_LOG (LOG_ID,TIMESTEP,ACTIVITY,USR,ACCOUNT_ID,AMOUNT) values (4,to_date('25-JUL-17','DD-MON-RR'),'WITHDRAW',1,2,1);
Insert into BANKINGAPP.TRANSACTION_LOG (LOG_ID,TIMESTEP,ACTIVITY,USR,ACCOUNT_ID,AMOUNT) values (5,to_date('25-JUL-17','DD-MON-RR'),'DEPOSIT',1,1,1);
Insert into BANKINGAPP.TRANSACTION_LOG (LOG_ID,TIMESTEP,ACTIVITY,USR,ACCOUNT_ID,AMOUNT) values (6,to_date('25-JUL-17','DD-MON-RR'),'DEPOSIT',1,2,2);
Insert into BANKINGAPP.TRANSACTION_LOG (LOG_ID,TIMESTEP,ACTIVITY,USR,ACCOUNT_ID,AMOUNT) values (7,to_date('25-JUL-17','DD-MON-RR'),'WITHDRAW',1,1,3);
Insert into BANKINGAPP.TRANSACTION_LOG (LOG_ID,TIMESTEP,ACTIVITY,USR,ACCOUNT_ID,AMOUNT) values (8,to_date('25-JUL-17','DD-MON-RR'),'WITHDRAW',1,2,4);
Insert into BANKINGAPP.TRANSACTION_LOG (LOG_ID,TIMESTEP,ACTIVITY,USR,ACCOUNT_ID,AMOUNT) values (9,to_date('25-JUL-17','DD-MON-RR'),'DEPOSIT',1,8,0);
Insert into BANKINGAPP.TRANSACTION_LOG (LOG_ID,TIMESTEP,ACTIVITY,USR,ACCOUNT_ID,AMOUNT) values (10,to_date('25-JUL-17','DD-MON-RR'),'DEPOSIT',1,1,0);
Insert into BANKINGAPP.TRANSACTION_LOG (LOG_ID,TIMESTEP,ACTIVITY,USR,ACCOUNT_ID,AMOUNT) values (11,to_date('25-JUL-17','DD-MON-RR'),'DEPOSIT',1,2,0);
REM INSERTING into BANKINGAPP.USER_TYPE
SET DEFINE OFF;
Insert into BANKINGAPP.USER_TYPE (USER_TYPE_ID,USER_ACCOUNT_TYPE) values (0,'CUSTOMER');
Insert into BANKINGAPP.USER_TYPE (USER_TYPE_ID,USER_ACCOUNT_TYPE) values (1,'EMPLOYEE');
Insert into BANKINGAPP.USER_TYPE (USER_TYPE_ID,USER_ACCOUNT_TYPE) values (2,'ADMIN');
--------------------------------------------------------
--  DDL for Index ACCOUNTS_PK
--------------------------------------------------------

  CREATE UNIQUE INDEX "BANKINGAPP"."ACCOUNTS_PK" ON "BANKINGAPP"."ACCOUNTS" ("ACCOUNT_ID") 
  PCTFREE 10 INITRANS 2 MAXTRANS 255 COMPUTE STATISTICS 
  STORAGE(INITIAL 65536 NEXT 1048576 MINEXTENTS 1 MAXEXTENTS 2147483645
  PCTINCREASE 0 FREELISTS 1 FREELIST GROUPS 1 BUFFER_POOL DEFAULT FLASH_CACHE DEFAULT CELL_FLASH_CACHE DEFAULT)
  TABLESPACE "USERS" ;
--------------------------------------------------------
--  DDL for Index ALLUSERS_PK
--------------------------------------------------------

  CREATE UNIQUE INDEX "BANKINGAPP"."ALLUSERS_PK" ON "BANKINGAPP"."ALLUSERS" ("USER_ID") 
  PCTFREE 10 INITRANS 2 MAXTRANS 255 COMPUTE STATISTICS 
  STORAGE(INITIAL 65536 NEXT 1048576 MINEXTENTS 1 MAXEXTENTS 2147483645
  PCTINCREASE 0 FREELISTS 1 FREELIST GROUPS 1 BUFFER_POOL DEFAULT FLASH_CACHE DEFAULT CELL_FLASH_CACHE DEFAULT)
  TABLESPACE "USERS" ;
--------------------------------------------------------
--  DDL for Index ALLUSERS_UQ
--------------------------------------------------------

  CREATE UNIQUE INDEX "BANKINGAPP"."ALLUSERS_UQ" ON "BANKINGAPP"."ALLUSERS" ("USERNAME") 
  PCTFREE 10 INITRANS 2 MAXTRANS 255 COMPUTE STATISTICS 
  STORAGE(INITIAL 65536 NEXT 1048576 MINEXTENTS 1 MAXEXTENTS 2147483645
  PCTINCREASE 0 FREELISTS 1 FREELIST GROUPS 1 BUFFER_POOL DEFAULT FLASH_CACHE DEFAULT CELL_FLASH_CACHE DEFAULT)
  TABLESPACE "USERS" ;
--------------------------------------------------------
--  DDL for Index CUSTOMER_UQ
--------------------------------------------------------

  CREATE UNIQUE INDEX "BANKINGAPP"."CUSTOMER_UQ" ON "BANKINGAPP"."CUSTOMER" ("CUSTOMER_ID") 
  PCTFREE 10 INITRANS 2 MAXTRANS 255 COMPUTE STATISTICS 
  STORAGE(INITIAL 65536 NEXT 1048576 MINEXTENTS 1 MAXEXTENTS 2147483645
  PCTINCREASE 0 FREELISTS 1 FREELIST GROUPS 1 BUFFER_POOL DEFAULT FLASH_CACHE DEFAULT CELL_FLASH_CACHE DEFAULT)
  TABLESPACE "USERS" ;
--------------------------------------------------------
--  DDL for Index TRANSACTION_LOG_PK
--------------------------------------------------------

  CREATE UNIQUE INDEX "BANKINGAPP"."TRANSACTION_LOG_PK" ON "BANKINGAPP"."TRANSACTION_LOG" ("LOG_ID") 
  PCTFREE 10 INITRANS 2 MAXTRANS 255 COMPUTE STATISTICS 
  STORAGE(INITIAL 65536 NEXT 1048576 MINEXTENTS 1 MAXEXTENTS 2147483645
  PCTINCREASE 0 FREELISTS 1 FREELIST GROUPS 1 BUFFER_POOL DEFAULT FLASH_CACHE DEFAULT CELL_FLASH_CACHE DEFAULT)
  TABLESPACE "USERS" ;
--------------------------------------------------------
--  DDL for Index USER_TYPE_PK
--------------------------------------------------------

  CREATE UNIQUE INDEX "BANKINGAPP"."USER_TYPE_PK" ON "BANKINGAPP"."USER_TYPE" ("USER_TYPE_ID") 
  PCTFREE 10 INITRANS 2 MAXTRANS 255 COMPUTE STATISTICS 
  STORAGE(INITIAL 65536 NEXT 1048576 MINEXTENTS 1 MAXEXTENTS 2147483645
  PCTINCREASE 0 FREELISTS 1 FREELIST GROUPS 1 BUFFER_POOL DEFAULT FLASH_CACHE DEFAULT CELL_FLASH_CACHE DEFAULT)
  TABLESPACE "USERS" ;
--------------------------------------------------------
--  DDL for Trigger ACCOUNTS_INCREMENT_ID
--------------------------------------------------------

  CREATE OR REPLACE TRIGGER "BANKINGAPP"."ACCOUNTS_INCREMENT_ID" 
BEFORE INSERT ON ACCOUNTS
FOR EACH ROW

BEGIN
  SELECT accounts_seq.NEXTVAL
  INTO   :new.ACCOUNT_ID
  FROM   dual;
END;

/
ALTER TRIGGER "BANKINGAPP"."ACCOUNTS_INCREMENT_ID" ENABLE;
--------------------------------------------------------
--  DDL for Trigger ALLUSERS_INCREMENT_ID
--------------------------------------------------------

  CREATE OR REPLACE TRIGGER "BANKINGAPP"."ALLUSERS_INCREMENT_ID" 
BEFORE INSERT ON ALLUSERS
FOR EACH ROW
BEGIN
  SELECT ALLUSERS_seq.NEXTVAL
  INTO   :new.USER_ID
  FROM   dual;
END;
/
ALTER TRIGGER "BANKINGAPP"."ALLUSERS_INCREMENT_ID" ENABLE;
--------------------------------------------------------
--  DDL for Trigger TRANSACTION_INCREMENT_ID
--------------------------------------------------------

  CREATE OR REPLACE TRIGGER "BANKINGAPP"."TRANSACTION_INCREMENT_ID" 
BEFORE INSERT ON TRANSACTION_LOG
FOR EACH ROW

BEGIN
  SELECT trans_seq.NEXTVAL
  INTO   :new.LOG_ID
  FROM   dual;
END;

/
ALTER TRIGGER "BANKINGAPP"."TRANSACTION_INCREMENT_ID" ENABLE;
--------------------------------------------------------
--  Constraints for Table ACCOUNTS
--------------------------------------------------------

  ALTER TABLE "BANKINGAPP"."ACCOUNTS" ADD CONSTRAINT "ACCOUNT_BALANCE_CHECK" CHECK (BALANCE >= 0) ENABLE;
  ALTER TABLE "BANKINGAPP"."ACCOUNTS" ADD CONSTRAINT "ACCOUNTS_PK" PRIMARY KEY ("ACCOUNT_ID")
  USING INDEX PCTFREE 10 INITRANS 2 MAXTRANS 255 COMPUTE STATISTICS 
  STORAGE(INITIAL 65536 NEXT 1048576 MINEXTENTS 1 MAXEXTENTS 2147483645
  PCTINCREASE 0 FREELISTS 1 FREELIST GROUPS 1 BUFFER_POOL DEFAULT FLASH_CACHE DEFAULT CELL_FLASH_CACHE DEFAULT)
  TABLESPACE "USERS"  ENABLE;
  ALTER TABLE "BANKINGAPP"."ACCOUNTS" MODIFY ("ACCOUNT_STATUS" NOT NULL ENABLE);
  ALTER TABLE "BANKINGAPP"."ACCOUNTS" MODIFY ("ACCOUNT_TYPE" NOT NULL ENABLE);
  ALTER TABLE "BANKINGAPP"."ACCOUNTS" MODIFY ("CUSTOMER_ID" NOT NULL ENABLE);
  ALTER TABLE "BANKINGAPP"."ACCOUNTS" MODIFY ("BALANCE" NOT NULL ENABLE);
--------------------------------------------------------
--  Constraints for Table ALLUSERS
--------------------------------------------------------

  ALTER TABLE "BANKINGAPP"."ALLUSERS" ADD CONSTRAINT "ALLUSERS_UQ" UNIQUE ("USERNAME")
  USING INDEX PCTFREE 10 INITRANS 2 MAXTRANS 255 COMPUTE STATISTICS 
  STORAGE(INITIAL 65536 NEXT 1048576 MINEXTENTS 1 MAXEXTENTS 2147483645
  PCTINCREASE 0 FREELISTS 1 FREELIST GROUPS 1 BUFFER_POOL DEFAULT FLASH_CACHE DEFAULT CELL_FLASH_CACHE DEFAULT)
  TABLESPACE "USERS"  ENABLE;
  ALTER TABLE "BANKINGAPP"."ALLUSERS" ADD CONSTRAINT "AGE_CHECK" CHECK (AGE >= 0) ENABLE;
  ALTER TABLE "BANKINGAPP"."ALLUSERS" ADD CONSTRAINT "ALLUSERS_PK" PRIMARY KEY ("USER_ID")
  USING INDEX PCTFREE 10 INITRANS 2 MAXTRANS 255 COMPUTE STATISTICS 
  STORAGE(INITIAL 65536 NEXT 1048576 MINEXTENTS 1 MAXEXTENTS 2147483645
  PCTINCREASE 0 FREELISTS 1 FREELIST GROUPS 1 BUFFER_POOL DEFAULT FLASH_CACHE DEFAULT CELL_FLASH_CACHE DEFAULT)
  TABLESPACE "USERS"  ENABLE;
  ALTER TABLE "BANKINGAPP"."ALLUSERS" MODIFY ("USER_TYPE_ID" NOT NULL ENABLE);
  ALTER TABLE "BANKINGAPP"."ALLUSERS" MODIFY ("AGE" NOT NULL ENABLE);
  ALTER TABLE "BANKINGAPP"."ALLUSERS" MODIFY ("LASTNAME" NOT NULL ENABLE);
  ALTER TABLE "BANKINGAPP"."ALLUSERS" MODIFY ("FIRSTNAME" NOT NULL ENABLE);
  ALTER TABLE "BANKINGAPP"."ALLUSERS" MODIFY ("PASS_WORD" NOT NULL ENABLE);
--------------------------------------------------------
--  Constraints for Table CUSTOMER
--------------------------------------------------------

  ALTER TABLE "BANKINGAPP"."CUSTOMER" ADD CONSTRAINT "CUSTOMER_UQ" UNIQUE ("CUSTOMER_ID")
  USING INDEX PCTFREE 10 INITRANS 2 MAXTRANS 255 COMPUTE STATISTICS 
  STORAGE(INITIAL 65536 NEXT 1048576 MINEXTENTS 1 MAXEXTENTS 2147483645
  PCTINCREASE 0 FREELISTS 1 FREELIST GROUPS 1 BUFFER_POOL DEFAULT FLASH_CACHE DEFAULT CELL_FLASH_CACHE DEFAULT)
  TABLESPACE "USERS"  ENABLE;
  ALTER TABLE "BANKINGAPP"."CUSTOMER" MODIFY ("BANKER_ID" NOT NULL ENABLE);
  ALTER TABLE "BANKINGAPP"."CUSTOMER" MODIFY ("CUSTOMER_ID" NOT NULL ENABLE);
--------------------------------------------------------
--  Constraints for Table TRANSACTION_LOG
--------------------------------------------------------

  ALTER TABLE "BANKINGAPP"."TRANSACTION_LOG" ADD CONSTRAINT "TRANSACTION_LOG_PK" PRIMARY KEY ("LOG_ID")
  USING INDEX PCTFREE 10 INITRANS 2 MAXTRANS 255 COMPUTE STATISTICS 
  STORAGE(INITIAL 65536 NEXT 1048576 MINEXTENTS 1 MAXEXTENTS 2147483645
  PCTINCREASE 0 FREELISTS 1 FREELIST GROUPS 1 BUFFER_POOL DEFAULT FLASH_CACHE DEFAULT CELL_FLASH_CACHE DEFAULT)
  TABLESPACE "USERS"  ENABLE;
  ALTER TABLE "BANKINGAPP"."TRANSACTION_LOG" MODIFY ("AMOUNT" NOT NULL ENABLE);
  ALTER TABLE "BANKINGAPP"."TRANSACTION_LOG" MODIFY ("ACCOUNT_ID" NOT NULL ENABLE);
  ALTER TABLE "BANKINGAPP"."TRANSACTION_LOG" MODIFY ("USR" NOT NULL ENABLE);
  ALTER TABLE "BANKINGAPP"."TRANSACTION_LOG" MODIFY ("ACTIVITY" NOT NULL ENABLE);
  ALTER TABLE "BANKINGAPP"."TRANSACTION_LOG" MODIFY ("TIMESTEP" NOT NULL ENABLE);
--------------------------------------------------------
--  Constraints for Table USER_TYPE
--------------------------------------------------------

  ALTER TABLE "BANKINGAPP"."USER_TYPE" ADD CONSTRAINT "USER_TYPE_PK" PRIMARY KEY ("USER_TYPE_ID")
  USING INDEX PCTFREE 10 INITRANS 2 MAXTRANS 255 COMPUTE STATISTICS 
  STORAGE(INITIAL 65536 NEXT 1048576 MINEXTENTS 1 MAXEXTENTS 2147483645
  PCTINCREASE 0 FREELISTS 1 FREELIST GROUPS 1 BUFFER_POOL DEFAULT FLASH_CACHE DEFAULT CELL_FLASH_CACHE DEFAULT)
  TABLESPACE "USERS"  ENABLE;
  ALTER TABLE "BANKINGAPP"."USER_TYPE" MODIFY ("USER_ACCOUNT_TYPE" NOT NULL ENABLE);
