--------------------------------------------------------
--  File created - Saturday-July-22-2017   
--------------------------------------------------------
--------------------------------------------------------
--  DDL for Table CATEGORY
--------------------------------------------------------

  CREATE TABLE "OFFICESUPPLY"."CATEGORY" 
   (	"CATID" NUMBER, 
	"NAME" VARCHAR2(80 BYTE), 
	"DESCRIPT" VARCHAR2(255 BYTE)
   ) SEGMENT CREATION IMMEDIATE 
  PCTFREE 10 PCTUSED 40 INITRANS 1 MAXTRANS 255 NOCOMPRESS LOGGING
  STORAGE(INITIAL 65536 NEXT 1048576 MINEXTENTS 1 MAXEXTENTS 2147483645
  PCTINCREASE 0 FREELISTS 1 FREELIST GROUPS 1 BUFFER_POOL DEFAULT FLASH_CACHE DEFAULT CELL_FLASH_CACHE DEFAULT)
  TABLESPACE "USERS" ;
--------------------------------------------------------
--  DDL for Table EMPLOYEES
--------------------------------------------------------

  CREATE TABLE "OFFICESUPPLY"."EMPLOYEES" 
   (	"EMPLOYEEID" NUMBER, 
	"USERNAME" VARCHAR2(20 BYTE), 
	"PASSWORD" VARCHAR2(20 BYTE), 
	"NAME" VARCHAR2(25 BYTE), 
	"DEPARTMENT" CHAR(2 BYTE), 
	"MANAGER" NUMBER, 
	"SSN" NUMBER, 
	"SALARY" NUMBER
   ) SEGMENT CREATION IMMEDIATE 
  PCTFREE 10 PCTUSED 40 INITRANS 1 MAXTRANS 255 NOCOMPRESS LOGGING
  STORAGE(INITIAL 65536 NEXT 1048576 MINEXTENTS 1 MAXEXTENTS 2147483645
  PCTINCREASE 0 FREELISTS 1 FREELIST GROUPS 1 BUFFER_POOL DEFAULT FLASH_CACHE DEFAULT CELL_FLASH_CACHE DEFAULT)
  TABLESPACE "USERS" ;
--------------------------------------------------------
--  DDL for Table ORDERITEM
--------------------------------------------------------

  CREATE TABLE "OFFICESUPPLY"."ORDERITEM" 
   (	"ORDERID" NUMBER, 
	"PRODUCTID" NUMBER, 
	"QUANTITY" NUMBER
   ) SEGMENT CREATION IMMEDIATE 
  PCTFREE 10 PCTUSED 40 INITRANS 1 MAXTRANS 255 NOCOMPRESS LOGGING
  STORAGE(INITIAL 65536 NEXT 1048576 MINEXTENTS 1 MAXEXTENTS 2147483645
  PCTINCREASE 0 FREELISTS 1 FREELIST GROUPS 1 BUFFER_POOL DEFAULT FLASH_CACHE DEFAULT CELL_FLASH_CACHE DEFAULT)
  TABLESPACE "USERS" ;
--------------------------------------------------------
--  DDL for Table ORDERS
--------------------------------------------------------

  CREATE TABLE "OFFICESUPPLY"."ORDERS" 
   (	"ORDERID" NUMBER, 
	"EMPLOYEEID" NUMBER, 
	"ORDERDATE" DATE, 
	"STATUS" CHAR(1 BYTE)
   ) SEGMENT CREATION IMMEDIATE 
  PCTFREE 10 PCTUSED 40 INITRANS 1 MAXTRANS 255 NOCOMPRESS LOGGING
  STORAGE(INITIAL 65536 NEXT 1048576 MINEXTENTS 1 MAXEXTENTS 2147483645
  PCTINCREASE 0 FREELISTS 1 FREELIST GROUPS 1 BUFFER_POOL DEFAULT FLASH_CACHE DEFAULT CELL_FLASH_CACHE DEFAULT)
  TABLESPACE "USERS" ;
--------------------------------------------------------
--  DDL for Table PRODUCT
--------------------------------------------------------

  CREATE TABLE "OFFICESUPPLY"."PRODUCT" 
   (	"PRODUCTID" NUMBER, 
	"CATID" NUMBER, 
	"NAME" VARCHAR2(80 BYTE), 
	"DESCRIPT" VARCHAR2(255 BYTE), 
	"UNITCOST" NUMBER, 
	"SUPPID" NUMBER
   ) SEGMENT CREATION IMMEDIATE 
  PCTFREE 10 PCTUSED 40 INITRANS 1 MAXTRANS 255 NOCOMPRESS LOGGING
  STORAGE(INITIAL 65536 NEXT 1048576 MINEXTENTS 1 MAXEXTENTS 2147483645
  PCTINCREASE 0 FREELISTS 1 FREELIST GROUPS 1 BUFFER_POOL DEFAULT FLASH_CACHE DEFAULT CELL_FLASH_CACHE DEFAULT)
  TABLESPACE "USERS" ;
--------------------------------------------------------
--  DDL for Table SUPPLIER
--------------------------------------------------------

  CREATE TABLE "OFFICESUPPLY"."SUPPLIER" 
   (	"SUPPID" NUMBER, 
	"NAME" VARCHAR2(80 BYTE)
   ) SEGMENT CREATION IMMEDIATE 
  PCTFREE 10 PCTUSED 40 INITRANS 1 MAXTRANS 255 NOCOMPRESS LOGGING
  STORAGE(INITIAL 65536 NEXT 1048576 MINEXTENTS 1 MAXEXTENTS 2147483645
  PCTINCREASE 0 FREELISTS 1 FREELIST GROUPS 1 BUFFER_POOL DEFAULT FLASH_CACHE DEFAULT CELL_FLASH_CACHE DEFAULT)
  TABLESPACE "USERS" ;
REM INSERTING into OFFICESUPPLY.CATEGORY
SET DEFINE OFF;
Insert into OFFICESUPPLY.CATEGORY (CATID,NAME,DESCRIPT) values (2,'Art Supplies',null);
Insert into OFFICESUPPLY.CATEGORY (CATID,NAME,DESCRIPT) values (3,'Cleaning Supplies','Supplies for Cleaning');
Insert into OFFICESUPPLY.CATEGORY (CATID,NAME,DESCRIPT) values (4,'Computer Supplies','Supplies for Computers');
Insert into OFFICESUPPLY.CATEGORY (CATID,NAME,DESCRIPT) values (5,'Desk Accessories',null);
Insert into OFFICESUPPLY.CATEGORY (CATID,NAME,DESCRIPT) values (6,'Writing Supplies',null);
Insert into OFFICESUPPLY.CATEGORY (CATID,NAME,DESCRIPT) values (7,'Printer Supplies',null);
Insert into OFFICESUPPLY.CATEGORY (CATID,NAME,DESCRIPT) values (8,'Dogfood',null);
REM INSERTING into OFFICESUPPLY.EMPLOYEES
SET DEFINE OFF;
Insert into OFFICESUPPLY.EMPLOYEES (EMPLOYEEID,USERNAME,PASSWORD,NAME,DEPARTMENT,MANAGER,SSN,SALARY) values (1,'dclark','drc','Dave','HR',1,null,null);
Insert into OFFICESUPPLY.EMPLOYEES (EMPLOYEEID,USERNAME,PASSWORD,NAME,DEPARTMENT,MANAGER,SSN,SALARY) values (2,'jsmith','js','John','IT',2,null,null);
Insert into OFFICESUPPLY.EMPLOYEES (EMPLOYEEID,USERNAME,PASSWORD,NAME,DEPARTMENT,MANAGER,SSN,SALARY) values (3,'mjones','mj','Mike','HR',2,null,null);
Insert into OFFICESUPPLY.EMPLOYEES (EMPLOYEEID,USERNAME,PASSWORD,NAME,DEPARTMENT,MANAGER,SSN,SALARY) values (4,'klink','kl','Kara','IT',1,null,null);
Insert into OFFICESUPPLY.EMPLOYEES (EMPLOYEEID,USERNAME,PASSWORD,NAME,DEPARTMENT,MANAGER,SSN,SALARY) values (5,'TSong','password','Tae','HR',2,null,null);
Insert into OFFICESUPPLY.EMPLOYEES (EMPLOYEEID,USERNAME,PASSWORD,NAME,DEPARTMENT,MANAGER,SSN,SALARY) values (6,'TSong1','password1','TaeS','HR',2,null,null);
REM INSERTING into OFFICESUPPLY.ORDERITEM
SET DEFINE OFF;
REM INSERTING into OFFICESUPPLY.ORDERS
SET DEFINE OFF;
REM INSERTING into OFFICESUPPLY.PRODUCT
SET DEFINE OFF;
Insert into OFFICESUPPLY.PRODUCT (PRODUCTID,CATID,NAME,DESCRIPT,UNITCOST,SUPPID) values (1,2,'Ruler','12 inch stainless steel',3.44,2);
Insert into OFFICESUPPLY.PRODUCT (PRODUCTID,CATID,NAME,DESCRIPT,UNITCOST,SUPPID) values (2,6,'Transparency','Quick dry ink jet',24.49,1);
Insert into OFFICESUPPLY.PRODUCT (PRODUCTID,CATID,NAME,DESCRIPT,UNITCOST,SUPPID) values (3,6,'Overhead Bulb','High intensity replacement bulb',12,1);
Insert into OFFICESUPPLY.PRODUCT (PRODUCTID,CATID,NAME,DESCRIPT,UNITCOST,SUPPID) values (4,6,'Laser Pointer','General purpose laser pointer',29.99,2);
Insert into OFFICESUPPLY.PRODUCT (PRODUCTID,CATID,NAME,DESCRIPT,UNITCOST,SUPPID) values (5,2,'Colored pencils','Non toxic 12 pack',2.84,1);
Insert into OFFICESUPPLY.PRODUCT (PRODUCTID,CATID,NAME,DESCRIPT,UNITCOST,SUPPID) values (6,3,'All purpose cleaner','Use on all washable surfaces',4.29,2);
Insert into OFFICESUPPLY.PRODUCT (PRODUCTID,CATID,NAME,DESCRIPT,UNITCOST,SUPPID) values (7,3,'Paper hand towels','320 sheets per roll',5.25,1);
Insert into OFFICESUPPLY.PRODUCT (PRODUCTID,CATID,NAME,DESCRIPT,UNITCOST,SUPPID) values (8,4,'CD-R','700 mb with jewel case',1.09,1);
Insert into OFFICESUPPLY.PRODUCT (PRODUCTID,CATID,NAME,DESCRIPT,UNITCOST,SUPPID) values (9,4,'3.5 inch disks','High density formatted box of 10',5.99,1);
Insert into OFFICESUPPLY.PRODUCT (PRODUCTID,CATID,NAME,DESCRIPT,UNITCOST,SUPPID) values (10,4,'Monitor wipes','Non abrasive lint free',6.99,2);
Insert into OFFICESUPPLY.PRODUCT (PRODUCTID,CATID,NAME,DESCRIPT,UNITCOST,SUPPID) values (11,4,'Dust blaster','Ozone safe no CFSs',8.99,2);
Insert into OFFICESUPPLY.PRODUCT (PRODUCTID,CATID,NAME,DESCRIPT,UNITCOST,SUPPID) values (12,2,'Clear tape','1 inch wide 6 rolls',3.9,1);
Insert into OFFICESUPPLY.PRODUCT (PRODUCTID,CATID,NAME,DESCRIPT,UNITCOST,SUPPID) values (13,6,'Overhead projector','Portable with travel cover',759.97,1);
Insert into OFFICESUPPLY.PRODUCT (PRODUCTID,CATID,NAME,DESCRIPT,UNITCOST,SUPPID) values (14,2,'Glue stick','Odorless non toxic',1.99,2);
REM INSERTING into OFFICESUPPLY.SUPPLIER
SET DEFINE OFF;
Insert into OFFICESUPPLY.SUPPLIER (SUPPID,NAME) values (1,'XYZ Office supplies');
Insert into OFFICESUPPLY.SUPPLIER (SUPPID,NAME) values (2,'ABC Office products');
--------------------------------------------------------
--  DDL for Index PK_CATID
--------------------------------------------------------

  CREATE UNIQUE INDEX "OFFICESUPPLY"."PK_CATID" ON "OFFICESUPPLY"."CATEGORY" ("CATID") 
  PCTFREE 10 INITRANS 2 MAXTRANS 255 COMPUTE STATISTICS 
  STORAGE(INITIAL 65536 NEXT 1048576 MINEXTENTS 1 MAXEXTENTS 2147483645
  PCTINCREASE 0 FREELISTS 1 FREELIST GROUPS 1 BUFFER_POOL DEFAULT FLASH_CACHE DEFAULT CELL_FLASH_CACHE DEFAULT)
  TABLESPACE "USERS" ;
--------------------------------------------------------
--  DDL for Index PK_EMPLOYEEID
--------------------------------------------------------

  CREATE UNIQUE INDEX "OFFICESUPPLY"."PK_EMPLOYEEID" ON "OFFICESUPPLY"."EMPLOYEES" ("EMPLOYEEID") 
  PCTFREE 10 INITRANS 2 MAXTRANS 255 COMPUTE STATISTICS 
  STORAGE(INITIAL 65536 NEXT 1048576 MINEXTENTS 1 MAXEXTENTS 2147483645
  PCTINCREASE 0 FREELISTS 1 FREELIST GROUPS 1 BUFFER_POOL DEFAULT FLASH_CACHE DEFAULT CELL_FLASH_CACHE DEFAULT)
  TABLESPACE "USERS" ;
--------------------------------------------------------
--  DDL for Index PK_ORDERID
--------------------------------------------------------

  CREATE UNIQUE INDEX "OFFICESUPPLY"."PK_ORDERID" ON "OFFICESUPPLY"."ORDERS" ("ORDERID") 
  PCTFREE 10 INITRANS 2 MAXTRANS 255 COMPUTE STATISTICS 
  STORAGE(INITIAL 65536 NEXT 1048576 MINEXTENTS 1 MAXEXTENTS 2147483645
  PCTINCREASE 0 FREELISTS 1 FREELIST GROUPS 1 BUFFER_POOL DEFAULT FLASH_CACHE DEFAULT CELL_FLASH_CACHE DEFAULT)
  TABLESPACE "USERS" ;
--------------------------------------------------------
--  DDL for Index PK_PRODUCTID
--------------------------------------------------------

  CREATE UNIQUE INDEX "OFFICESUPPLY"."PK_PRODUCTID" ON "OFFICESUPPLY"."PRODUCT" ("PRODUCTID") 
  PCTFREE 10 INITRANS 2 MAXTRANS 255 COMPUTE STATISTICS 
  STORAGE(INITIAL 65536 NEXT 1048576 MINEXTENTS 1 MAXEXTENTS 2147483645
  PCTINCREASE 0 FREELISTS 1 FREELIST GROUPS 1 BUFFER_POOL DEFAULT FLASH_CACHE DEFAULT CELL_FLASH_CACHE DEFAULT)
  TABLESPACE "USERS" ;
--------------------------------------------------------
--  DDL for Index PK_SUPPID
--------------------------------------------------------

  CREATE UNIQUE INDEX "OFFICESUPPLY"."PK_SUPPID" ON "OFFICESUPPLY"."SUPPLIER" ("SUPPID") 
  PCTFREE 10 INITRANS 2 MAXTRANS 255 COMPUTE STATISTICS 
  STORAGE(INITIAL 65536 NEXT 1048576 MINEXTENTS 1 MAXEXTENTS 2147483645
  PCTINCREASE 0 FREELISTS 1 FREELIST GROUPS 1 BUFFER_POOL DEFAULT FLASH_CACHE DEFAULT CELL_FLASH_CACHE DEFAULT)
  TABLESPACE "USERS" ;
--------------------------------------------------------
--  DDL for Trigger OFFICEAFTERUPDATE
--------------------------------------------------------

  CREATE OR REPLACE TRIGGER "OFFICESUPPLY"."OFFICEAFTERUPDATE" 
    AFTER UPDATE ON Category
    FOR EACH ROW
    BEGIN
        DBMS_OUTPUT.PUT_LINE('After Update Trigger Fired');
    END;

/
ALTER TRIGGER "OFFICESUPPLY"."OFFICEAFTERUPDATE" ENABLE;
--------------------------------------------------------
--  DDL for Trigger OFFICEAFTERDELETE
--------------------------------------------------------

  CREATE OR REPLACE TRIGGER "OFFICESUPPLY"."OFFICEAFTERDELETE" 
    AFTER DELETE ON Category
    FOR EACH ROW
    BEGIN
        DBMS_OUTPUT.PUT_LINE('After Delete Trigger Fired');
    END;

/
ALTER TRIGGER "OFFICESUPPLY"."OFFICEAFTERDELETE" ENABLE;
--------------------------------------------------------
--  DDL for Trigger OFFICEAFTERINSERT
--------------------------------------------------------

  CREATE OR REPLACE TRIGGER "OFFICESUPPLY"."OFFICEAFTERINSERT" 
    AFTER INSERT ON Category
    FOR EACH ROW
    BEGIN
        DBMS_OUTPUT.PUT_LINE('After Insert Trigger Fired');
    END;

/
ALTER TRIGGER "OFFICESUPPLY"."OFFICEAFTERINSERT" ENABLE;
--------------------------------------------------------
--  Constraints for Table CATEGORY
--------------------------------------------------------

  ALTER TABLE "OFFICESUPPLY"."CATEGORY" ADD CONSTRAINT "PK_CATID" PRIMARY KEY ("CATID")
  USING INDEX PCTFREE 10 INITRANS 2 MAXTRANS 255 COMPUTE STATISTICS 
  STORAGE(INITIAL 65536 NEXT 1048576 MINEXTENTS 1 MAXEXTENTS 2147483645
  PCTINCREASE 0 FREELISTS 1 FREELIST GROUPS 1 BUFFER_POOL DEFAULT FLASH_CACHE DEFAULT CELL_FLASH_CACHE DEFAULT)
  TABLESPACE "USERS"  ENABLE;
  ALTER TABLE "OFFICESUPPLY"."CATEGORY" MODIFY ("CATID" NOT NULL ENABLE);
--------------------------------------------------------
--  Constraints for Table EMPLOYEES
--------------------------------------------------------

  ALTER TABLE "OFFICESUPPLY"."EMPLOYEES" ADD CONSTRAINT "PK_EMPLOYEEID" PRIMARY KEY ("EMPLOYEEID")
  USING INDEX PCTFREE 10 INITRANS 2 MAXTRANS 255 COMPUTE STATISTICS 
  STORAGE(INITIAL 65536 NEXT 1048576 MINEXTENTS 1 MAXEXTENTS 2147483645
  PCTINCREASE 0 FREELISTS 1 FREELIST GROUPS 1 BUFFER_POOL DEFAULT FLASH_CACHE DEFAULT CELL_FLASH_CACHE DEFAULT)
  TABLESPACE "USERS"  ENABLE;
  ALTER TABLE "OFFICESUPPLY"."EMPLOYEES" MODIFY ("MANAGER" NOT NULL ENABLE);
  ALTER TABLE "OFFICESUPPLY"."EMPLOYEES" MODIFY ("DEPARTMENT" NOT NULL ENABLE);
  ALTER TABLE "OFFICESUPPLY"."EMPLOYEES" MODIFY ("NAME" NOT NULL ENABLE);
  ALTER TABLE "OFFICESUPPLY"."EMPLOYEES" MODIFY ("PASSWORD" NOT NULL ENABLE);
  ALTER TABLE "OFFICESUPPLY"."EMPLOYEES" MODIFY ("USERNAME" NOT NULL ENABLE);
  ALTER TABLE "OFFICESUPPLY"."EMPLOYEES" MODIFY ("EMPLOYEEID" NOT NULL ENABLE);
--------------------------------------------------------
--  Constraints for Table ORDERITEM
--------------------------------------------------------

  ALTER TABLE "OFFICESUPPLY"."ORDERITEM" MODIFY ("QUANTITY" NOT NULL ENABLE);
  ALTER TABLE "OFFICESUPPLY"."ORDERITEM" MODIFY ("PRODUCTID" NOT NULL ENABLE);
  ALTER TABLE "OFFICESUPPLY"."ORDERITEM" MODIFY ("ORDERID" NOT NULL ENABLE);
--------------------------------------------------------
--  Constraints for Table ORDERS
--------------------------------------------------------

  ALTER TABLE "OFFICESUPPLY"."ORDERS" ADD CONSTRAINT "PK_ORDERID" PRIMARY KEY ("ORDERID")
  USING INDEX PCTFREE 10 INITRANS 2 MAXTRANS 255 COMPUTE STATISTICS 
  STORAGE(INITIAL 65536 NEXT 1048576 MINEXTENTS 1 MAXEXTENTS 2147483645
  PCTINCREASE 0 FREELISTS 1 FREELIST GROUPS 1 BUFFER_POOL DEFAULT FLASH_CACHE DEFAULT CELL_FLASH_CACHE DEFAULT)
  TABLESPACE "USERS"  ENABLE;
  ALTER TABLE "OFFICESUPPLY"."ORDERS" MODIFY ("STATUS" NOT NULL ENABLE);
  ALTER TABLE "OFFICESUPPLY"."ORDERS" MODIFY ("ORDERDATE" NOT NULL ENABLE);
  ALTER TABLE "OFFICESUPPLY"."ORDERS" MODIFY ("EMPLOYEEID" NOT NULL ENABLE);
  ALTER TABLE "OFFICESUPPLY"."ORDERS" MODIFY ("ORDERID" NOT NULL ENABLE);
--------------------------------------------------------
--  Constraints for Table PRODUCT
--------------------------------------------------------

  ALTER TABLE "OFFICESUPPLY"."PRODUCT" ADD CONSTRAINT "PK_PRODUCTID" PRIMARY KEY ("PRODUCTID")
  USING INDEX PCTFREE 10 INITRANS 2 MAXTRANS 255 COMPUTE STATISTICS 
  STORAGE(INITIAL 65536 NEXT 1048576 MINEXTENTS 1 MAXEXTENTS 2147483645
  PCTINCREASE 0 FREELISTS 1 FREELIST GROUPS 1 BUFFER_POOL DEFAULT FLASH_CACHE DEFAULT CELL_FLASH_CACHE DEFAULT)
  TABLESPACE "USERS"  ENABLE;
  ALTER TABLE "OFFICESUPPLY"."PRODUCT" MODIFY ("CATID" NOT NULL ENABLE);
  ALTER TABLE "OFFICESUPPLY"."PRODUCT" MODIFY ("PRODUCTID" NOT NULL ENABLE);
--------------------------------------------------------
--  Constraints for Table SUPPLIER
--------------------------------------------------------

  ALTER TABLE "OFFICESUPPLY"."SUPPLIER" ADD CONSTRAINT "PK_SUPPID" PRIMARY KEY ("SUPPID")
  USING INDEX PCTFREE 10 INITRANS 2 MAXTRANS 255 COMPUTE STATISTICS 
  STORAGE(INITIAL 65536 NEXT 1048576 MINEXTENTS 1 MAXEXTENTS 2147483645
  PCTINCREASE 0 FREELISTS 1 FREELIST GROUPS 1 BUFFER_POOL DEFAULT FLASH_CACHE DEFAULT CELL_FLASH_CACHE DEFAULT)
  TABLESPACE "USERS"  ENABLE;
  ALTER TABLE "OFFICESUPPLY"."SUPPLIER" MODIFY ("SUPPID" NOT NULL ENABLE);
